{
  "custom": {},
  "params": {},
  "props": {
    "defaultSize": {
      "height": 1536,
      "width": 2048
    }
  },
  "root": {
    "children": [
      {
        "children": [
          {
            "meta": {
              "name": "Label"
            },
            "position": {
              "basis": "103px"
            },
            "propConfig": {
              "props.text": {
                "binding": {
                  "config": {
                    "fallbackDelay": 2.5,
                    "mode": "direct",
                    "tagPath": "[default]Adafruit/DC Motor/Status/Current Speed.Name"
                  },
                  "type": "tag"
                }
              }
            },
            "props": {
              "alignVertical": "center"
            },
            "type": "ia.display.label"
          }
        ],
        "meta": {
          "name": "FlexContainer_3"
        },
        "position": {
          "basis": "50px"
        },
        "props": {
          "alignItems": "center",
          "justify": "space-evenly"
        },
        "type": "ia.container.flex"
      },
      {
        "children": [
          {
            "meta": {
              "name": "Gauge"
            },
            "position": {
              "basis": "300px"
            },
            "propConfig": {
              "props.value": {
                "binding": {
                  "config": {
                    "fallbackDelay": 2.5,
                    "mode": "direct",
                    "tagPath": "[default]Adafruit/DC Motor/Status/Current Speed"
                  },
                  "type": "tag"
                }
              }
            },
            "props": {
              "backgroundColor": "",
              "innerAxis": {
                "color": "#777777",
                "data": "secondaryValue",
                "maxValue": 80,
                "needle": {
                  "color": "#AAAAAA"
                },
                "percentRadius": 85,
                "show": false,
                "width": 1
              },
              "outerAxis": {
                "color": "#777777",
                "data": "value",
                "maxValue": 260,
                "needle": {
                  "color": "#000000"
                },
                "percentRadius": 100,
                "ranges": [
                  {
                    "color": "#77B6D8",
                    "end": 175,
                    "start": 0,
                    "width": 8
                  },
                  {
                    "color": "#6E94D7",
                    "end": 225,
                    "start": 175,
                    "width": 12
                  },
                  {
                    "color": "#7A6BD5",
                    "end": 270,
                    "start": 225,
                    "width": 14
                  }
                ],
                "show": true,
                "width": 1
              },
              "style": {
                "classes": []
              }
            },
            "type": "ia.chart.gauge"
          }
        ],
        "meta": {
          "name": "FlexContainer"
        },
        "position": {
          "basis": "200px"
        },
        "props": {
          "justify": "center"
        },
        "type": "ia.container.flex"
      },
      {
        "children": [
          {
            "meta": {
              "name": "Label"
            },
            "position": {
              "basis": "130px"
            },
            "propConfig": {
              "props.text": {
                "binding": {
                  "config": {
                    "expression": "\u0027Target Speed \u0027 + {[default]Adafruit/DC Motor/Control/Target Speed}"
                  },
                  "type": "expr"
                }
              }
            },
            "props": {
              "alignVertical": "bottom"
            },
            "type": "ia.display.label"
          }
        ],
        "meta": {
          "name": "FlexContainer_4"
        },
        "position": {
          "basis": "50px"
        },
        "props": {
          "alignItems": "center",
          "justify": "space-evenly"
        },
        "type": "ia.container.flex"
      },
      {
        "children": [
          {
            "meta": {
              "name": "Slider"
            },
            "position": {
              "basis": "258px"
            },
            "propConfig": {
              "props.value": {
                "binding": {
                  "config": {
                    "bidirectional": true,
                    "fallbackDelay": 60,
                    "mode": "direct",
                    "tagPath": "[default]Adafruit/DC Motor/Control/Target Speed"
                  },
                  "type": "tag"
                }
              }
            },
            "props": {
              "labels": {
                "interval": 255,
                "show": true
              },
              "max": 255
            },
            "type": "ia.input.slider"
          }
        ],
        "meta": {
          "name": "FlexContainer_1"
        },
        "position": {
          "basis": "60px"
        },
        "props": {
          "alignItems": "center",
          "justify": "space-evenly"
        },
        "type": "ia.container.flex"
      },
      {
        "children": [
          {
            "meta": {
              "name": "Label"
            },
            "position": {
              "basis": "130px"
            },
            "props": {
              "alignVertical": "bottom",
              "text": "Acceleration Rate"
            },
            "type": "ia.display.label"
          }
        ],
        "meta": {
          "name": "FlexContainer_2"
        },
        "position": {
          "basis": "50px"
        },
        "props": {
          "alignItems": "center",
          "justify": "space-evenly"
        },
        "type": "ia.container.flex"
      },
      {
        "children": [
          {
            "meta": {
              "name": "RadioGroup"
            },
            "position": {
              "basis": "196px"
            },
            "propConfig": {
              "props.value": {
                "binding": {
                  "config": {
                    "bidirectional": true,
                    "fallbackDelay": 2.5,
                    "mode": "direct",
                    "tagPath": "[default]Adafruit/DC Motor/Control/Ramp Speed"
                  },
                  "type": "tag"
                }
              }
            },
            "props": {
              "index": 1,
              "radios": [
                {
                  "selected": false,
                  "text": "Slow",
                  "value": 50
                },
                {
                  "selected": true,
                  "text": "Medium",
                  "value": 25
                },
                {
                  "selected": false,
                  "text": "Fast",
                  "value": 1
                }
              ],
              "textPosition": "bottom"
            },
            "type": "ia.input.radio-group"
          }
        ],
        "meta": {
          "name": "FlexContainer_0"
        },
        "position": {
          "basis": "90px"
        },
        "props": {
          "alignItems": "center",
          "justify": "space-evenly"
        },
        "type": "ia.container.flex"
      },
      {
        "children": [
          {
            "events": {
              "dom": {
                "onClick": {
                  "config": {
                    "script": "\tif self.custom.value \u003d\u003d 0:\n\t\tself.custom.value \u003d 1\n\telse:\n\t\tself.custom.value \u003d 0"
                  },
                  "scope": "G",
                  "type": "script"
                }
              }
            },
            "meta": {
              "name": "Button"
            },
            "position": {
              "basis": "98px"
            },
            "propConfig": {
              "custom.value": {
                "binding": {
                  "config": {
                    "bidirectional": true,
                    "fallbackDelay": 2.5,
                    "mode": "direct",
                    "tagPath": "[default]Adafruit/DC Motor/Control/stopRun"
                  },
                  "type": "tag"
                }
              },
              "props.style.backgroundColor": {
                "binding": {
                  "config": {
                    "expression": "if({this.custom.value} \u003d 0, \"#AAAAAA\", \"#4F9EEE\")"
                  },
                  "type": "expr"
                }
              },
              "props.text": {
                "binding": {
                  "config": {
                    "expression": "if(({this.custom.value} \u003d 0 \u0026\u0026 {[default]Adafruit/DC Motor/Status/Current Speed} \u003e 0), \u0027Stopping\u0027,\r\nif({this.custom.value} \u003d 0, \u0027Stopped\u0027, \u0027Running\u0027))"
                  },
                  "type": "expr"
                }
              }
            },
            "props": {
              "image": {
                "style": {
                  "borderStyle": "none",
                  "color": "#4F9EEE"
                }
              },
              "style": {
                "borderStyle": "hidden"
              }
            },
            "type": "ia.input.button"
          },
          {
            "meta": {
              "name": "Label"
            },
            "position": {
              "basis": "96px"
            },
            "props": {
              "alignVertical": "center"
            },
            "type": "ia.display.label"
          },
          {
            "events": {
              "dom": {
                "onClick": {
                  "config": {
                    "script": "\tif self.custom.value \u003d\u003d 0:\n\t\tself.custom.value \u003d 1\n\telse:\n\t\tself.custom.value \u003d 0"
                  },
                  "scope": "G",
                  "type": "script"
                }
              }
            },
            "meta": {
              "name": "Button_0"
            },
            "position": {
              "basis": "93px"
            },
            "propConfig": {
              "custom.value": {
                "binding": {
                  "config": {
                    "bidirectional": true,
                    "fallbackDelay": 2.5,
                    "mode": "direct",
                    "tagPath": "[default]Adafruit/DC Motor/Control/fwdRev"
                  },
                  "type": "tag"
                }
              },
              "props.style.backgroundColor": {
                "binding": {
                  "config": {
                    "expression": "if({this.custom.value} \u003d 0, \"#AAAAAA\", \"#4F9EEE\")"
                  },
                  "type": "expr"
                }
              },
              "props.text": {
                "binding": {
                  "config": {
                    "expression": "if({this.custom.value} \u003d 0, \u0027Forward\u0027, \u0027Reverse\u0027)\r\n"
                  },
                  "type": "expr"
                }
              }
            },
            "props": {
              "image": {
                "style": {
                  "borderStyle": "none",
                  "color": "#4F9EEE"
                }
              },
              "style": {
                "borderStyle": "hidden"
              }
            },
            "type": "ia.input.button"
          }
        ],
        "meta": {
          "name": "FlexContainer_5"
        },
        "position": {
          "basis": "70px"
        },
        "props": {
          "justify": "center"
        },
        "type": "ia.container.flex"
      },
      {
        "meta": {
          "name": "FlexContainer_6"
        },
        "position": {
          "basis": "50px"
        },
        "type": "ia.container.flex"
      }
    ],
    "meta": {
      "name": "root"
    },
    "props": {
      "direction": "column",
      "justify": "space-evenly"
    },
    "type": "ia.container.flex"
  }
}