{
  "custom": {},
  "params": {},
  "props": {
    "defaultSize": {
      "height": 1536,
      "width": 2048
    }
  },
  "root": {
    "children": [
      {
        "children": [
          {
            "children": [
              {
                "meta": {
                  "name": "Label"
                },
                "position": {
                  "basis": "30px"
                },
                "props": {
                  "alignVertical": "center",
                  "text": "GTIN"
                },
                "type": "ia.display.label"
              },
              {
                "meta": {
                  "name": "GTIN"
                },
                "position": {
                  "basis": "20px"
                },
                "type": "ia.input.text-field"
              },
              {
                "meta": {
                  "name": "Label_0"
                },
                "position": {
                  "basis": "30px"
                },
                "props": {
                  "alignVertical": "center",
                  "text": "Tote Number"
                },
                "type": "ia.display.label"
              },
              {
                "meta": {
                  "name": "toteNum"
                },
                "position": {
                  "basis": "20px"
                },
                "type": "ia.input.text-field"
              }
            ],
            "meta": {
              "name": "FlexContainer"
            },
            "position": {
              "basis": "200px",
              "grow": 1
            },
            "props": {
              "alignItems": "center",
              "direction": "column",
              "justify": "center"
            },
            "type": "ia.container.flex"
          },
          {
            "children": [
              {
                "meta": {
                  "name": "Label"
                },
                "position": {
                  "basis": "30px"
                },
                "props": {
                  "alignVertical": "center",
                  "text": "Inducted After"
                },
                "type": "ia.display.label"
              },
              {
                "meta": {
                  "name": "induct"
                },
                "position": {
                  "basis": "25px"
                },
                "propConfig": {
                  "props.formattedValues.datetime": {
                    "binding": {
                      "config": {
                        "path": "this.props.value"
                      },
                      "transforms": [
                        {
                          "formatType": "datetime",
                          "formatValue": "YYYY-MM-dd HH:mm:ss",
                          "type": "format"
                        }
                      ],
                      "type": "property"
                    }
                  }
                },
                "props": {
                  "formattedValues": {
                    "date": "Mar 1, 2020 12:00 PM"
                  },
                  "pickerType": "date",
                  "value": {
                    "$": [
                      "ts",
                      0,
                      1587735758830
                    ],
                    "$ts": 1583085600000
                  }
                },
                "type": "ia.input.date-time-input"
              },
              {
                "meta": {
                  "name": "Label_0"
                },
                "position": {
                  "basis": "30px"
                },
                "props": {
                  "alignVertical": "center",
                  "text": "Expired After"
                },
                "type": "ia.display.label"
              },
              {
                "meta": {
                  "name": "expire"
                },
                "position": {
                  "basis": "25px"
                },
                "propConfig": {
                  "props.formattedValues.datetime": {
                    "binding": {
                      "config": {
                        "path": "this.props.value"
                      },
                      "transforms": [
                        {
                          "formatType": "datetime",
                          "formatValue": "YYYY-MM-dd HH:mm:ss",
                          "type": "format"
                        }
                      ],
                      "type": "property"
                    }
                  }
                },
                "props": {
                  "formattedValues": {
                    "date": "Mar 31, 2020 12:00 PM"
                  },
                  "pickerType": "date",
                  "value": {
                    "$": [
                      "ts",
                      0,
                      1587735764695
                    ],
                    "$ts": 1585674000000
                  }
                },
                "type": "ia.input.date-time-input"
              }
            ],
            "meta": {
              "name": "FlexContainer_0"
            },
            "position": {
              "basis": "200px",
              "grow": 1
            },
            "props": {
              "alignItems": "center",
              "direction": "column",
              "justify": "center"
            },
            "type": "ia.container.flex"
          },
          {
            "children": [
              {
                "events": {
                  "dom": {
                    "onClick": {
                      "config": {
                        "script": "\tds \u003d self.parent.parent.parent.getChild(\"FlexContainer_0\").getChild(\"Table\").props.data\n\tcsv \u003d system.dataset.toCSV(ds, True)\n\tfileName \u003d self.parent.parent.parent.meta.name + \u0027.csv\u0027\n\tsystem.perspective.download(fileName, csv, \u0027application/csv\u0027)"
                      },
                      "scope": "G",
                      "type": "script"
                    }
                  }
                },
                "meta": {
                  "name": "Button"
                },
                "position": {
                  "basis": "88px"
                },
                "props": {
                  "text": "Export"
                },
                "type": "ia.input.button"
              }
            ],
            "meta": {
              "name": "FlexContainer_1"
            },
            "position": {
              "basis": "200px"
            },
            "props": {
              "alignItems": "center",
              "justify": "center"
            },
            "type": "ia.container.flex"
          }
        ],
        "meta": {
          "name": "FlexContainer"
        },
        "position": {
          "basis": "350px"
        },
        "props": {
          "justify": "space-around"
        },
        "type": "ia.container.flex"
      },
      {
        "children": [
          {
            "meta": {
              "name": "FlexContainer"
            },
            "position": {
              "basis": "25px"
            },
            "type": "ia.container.flex"
          },
          {
            "meta": {
              "name": "Table"
            },
            "position": {
              "basis": "715px",
              "grow": 1
            },
            "propConfig": {
              "props.data": {
                "binding": {
                  "config": {
                    "parameters": {
                      "decantDate": "{.../FlexContainer/FlexContainer_0/induct.props.formattedValues.datetime}",
                      "expirationDate": "{.../FlexContainer/FlexContainer_0/expire.props.formattedValues.datetime}",
                      "itemNumber": "{.../FlexContainer/FlexContainer/GTIN.props.text}",
                      "toteNum": "{.../FlexContainer/FlexContainer/toteNum.props.text}"
                    },
                    "queryPath": "alertInventory"
                  },
                  "type": "query"
                }
              }
            },
            "props": {
              "cells": {
                "style": {
                  "textAlign": "center"
                }
              },
              "enableHeaderGroups": true,
              "rows": {
                "style": {
                  "textAlign": "center"
                }
              },
              "style": {
                "textAlign": "center",
                "whiteSpace": "pre-wrap"
              }
            },
            "type": "ia.display.table"
          },
          {
            "meta": {
              "name": "FlexContainer_0"
            },
            "position": {
              "basis": "25px"
            },
            "type": "ia.container.flex"
          }
        ],
        "meta": {
          "name": "FlexContainer_0"
        },
        "position": {
          "basis": "1650px"
        },
        "props": {
          "justify": "center"
        },
        "type": "ia.container.flex"
      }
    ],
    "meta": {
      "name": "Inventory"
    },
    "props": {
      "direction": "column",
      "justify": "space-around"
    },
    "type": "ia.container.flex"
  }
}