{
  "custom": {},
  "params": {},
  "props": {
    "defaultSize": {
      "height": 1536,
      "width": 2048
    }
  },
  "root": {
    "children": [
      {
        "meta": {
          "name": "ReportViewer"
        },
        "position": {
          "basis": "700px",
          "grow": 1
        },
        "props": {
          "page": 1,
          "pageCount": 1,
          "source": "Induction Motor"
        },
        "type": "ia.reporting.report-viewer"
      }
    ],
    "meta": {
      "name": "root"
    },
    "props": {
      "direction": "column"
    },
    "type": "ia.container.flex"
  }
}