{
  "custom": {},
  "params": {},
  "props": {
    "defaultSize": {
      "height": 1536,
      "width": 2048
    }
  },
  "root": {
    "children": [
      {
        "children": [
          {
            "meta": {
              "name": "Thermometer"
            },
            "position": {
              "basis": "100px"
            },
            "propConfig": {
              "props.value": {
                "binding": {
                  "config": {
                    "fallbackDelay": 2.5,
                    "mode": "direct",
                    "tagPath": "[default]Arduino/Temperature/DegC"
                  },
                  "transforms": [
                    {
                      "formatType": "numeric",
                      "formatValue": "##0.0",
                      "type": "format"
                    }
                  ],
                  "type": "tag"
                }
              }
            },
            "props": {
              "highBound": 50,
              "intervals": [
                {
                  "color": "#CF46E5",
                  "high": 20,
                  "low": 0
                },
                {
                  "color": "#E8D706",
                  "high": 30,
                  "low": 20
                },
                {
                  "color": "#E55946",
                  "high": 50,
                  "low": 30
                }
              ]
            },
            "type": "ia.display.thermometer"
          },
          {
            "meta": {
              "name": "TimeSeriesChart"
            },
            "position": {
              "basis": "400px"
            },
            "propConfig": {
              "props.series[0].data": {
                "binding": {
                  "config": {
                    "aggregate": "MinMax",
                    "avoidScanClassValidation": true,
                    "dateRange": {
                      "endDate": "now(0)",
                      "startDate": "dateArithmetic(now(0), -1, \u0027hour\u0027)"
                    },
                    "ignoreBadQuality": false,
                    "preventInterpolation": false,
                    "returnFormat": "Wide",
                    "returnSize": {
                      "numRows": "100",
                      "type": "FIXED"
                    },
                    "tags": [
                      {
                        "aggregate": "Average",
                        "alias": "Inside Temp",
                        "path": "[default]Arduino/Temperature/DegC"
                      },
                      {
                        "alias": "Outside Temp",
                        "path": "[default]HTTP/Outside Temp degC"
                      }
                    ],
                    "valueFormat": "DATASET"
                  },
                  "type": "tag-history"
                }
              }
            },
            "props": {
              "defaultStyles": {
                "colorScheme": "Spectral"
              },
              "legend": {
                "visible": true
              },
              "series": [
                {
                  "name": "Temperature"
                }
              ],
              "title": {
                "text": "Brightness"
              }
            },
            "type": "ia.chart.timeseries"
          }
        ],
        "meta": {
          "name": "FlexContainer"
        },
        "position": {
          "basis": "200px"
        },
        "props": {
          "justify": "space-evenly"
        },
        "type": "ia.container.flex"
      },
      {
        "children": [
          {
            "meta": {
              "name": "SimpleGauge"
            },
            "position": {
              "basis": "300px"
            },
            "propConfig": {
              "props.value": {
                "binding": {
                  "config": {
                    "fallbackDelay": 2.5,
                    "mode": "direct",
                    "tagPath": "[default]HTTP/Photocell"
                  },
                  "type": "tag"
                }
              }
            },
            "props": {
              "maxValue": 1200,
              "style": {
                "classes": []
              }
            },
            "type": "ia.chart.simple-gauge"
          },
          {
            "meta": {
              "name": "TimeSeriesChart"
            },
            "position": {
              "basis": "400px"
            },
            "propConfig": {
              "props.series[0].data": {
                "binding": {
                  "config": {
                    "aggregate": "MinMax",
                    "avoidScanClassValidation": true,
                    "dateRange": {
                      "endDate": "now(0)",
                      "startDate": "dateArithmetic(now(0), -1, \u0027hour\u0027)"
                    },
                    "ignoreBadQuality": false,
                    "preventInterpolation": false,
                    "returnFormat": "Wide",
                    "returnSize": {
                      "numRows": "100",
                      "type": "FIXED"
                    },
                    "tags": [
                      {
                        "aggregate": "Average",
                        "path": "[default]HTTP/Photocell"
                      }
                    ],
                    "valueFormat": "DATASET"
                  },
                  "type": "tag-history"
                }
              }
            },
            "props": {
              "defaultStyles": {
                "colorScheme": "Paired"
              },
              "legend": {
                "visible": true
              },
              "series": [
                {
                  "name": "Boiler"
                }
              ],
              "title": {
                "text": "Brightness"
              }
            },
            "type": "ia.chart.timeseries"
          }
        ],
        "meta": {
          "name": "FlexContainer_0"
        },
        "position": {
          "basis": "217px"
        },
        "props": {
          "justify": "space-evenly"
        },
        "type": "ia.container.flex"
      },
      {
        "children": [
          {
            "meta": {
              "name": "LedDisplay"
            },
            "position": {
              "basis": "128px"
            },
            "propConfig": {
              "props.value": {
                "binding": {
                  "config": {
                    "fallbackDelay": 2.5,
                    "mode": "direct",
                    "tagPath": "[default]Arduino/Potentiometer/Voltage"
                  },
                  "transforms": [
                    {
                      "formatType": "numeric",
                      "formatValue": "##0.00",
                      "type": "format"
                    },
                    {
                      "expression": "{value} + \u0027V\u0027",
                      "type": "expression"
                    }
                  ],
                  "type": "tag"
                }
              }
            },
            "type": "ia.display.led-display"
          },
          {
            "meta": {
              "name": "TimeSeriesChart"
            },
            "position": {
              "basis": "400px"
            },
            "propConfig": {
              "props.series[0].data": {
                "binding": {
                  "config": {
                    "aggregate": "MinMax",
                    "avoidScanClassValidation": true,
                    "dateRange": {
                      "endDate": "now(0)",
                      "startDate": "dateArithmetic(now(0), -1, \u0027hour\u0027)"
                    },
                    "ignoreBadQuality": false,
                    "preventInterpolation": false,
                    "returnFormat": "Wide",
                    "returnSize": {
                      "numRows": "100",
                      "type": "FIXED"
                    },
                    "tags": [
                      {
                        "alias": "Voltage",
                        "path": "[default]Arduino/Potentiometer/Voltage"
                      }
                    ],
                    "valueFormat": "DATASET"
                  },
                  "type": "tag-history"
                }
              }
            },
            "props": {
              "defaultStyles": {
                "colorScheme": "Dark2"
              },
              "legend": {
                "visible": true
              },
              "series": [
                {
                  "name": "Boiler"
                }
              ],
              "title": {
                "text": "Brightness"
              }
            },
            "type": "ia.chart.timeseries"
          }
        ],
        "meta": {
          "name": "FlexContainer_1"
        },
        "position": {
          "basis": "200px"
        },
        "props": {
          "justify": "space-evenly"
        },
        "type": "ia.container.flex"
      }
    ],
    "meta": {
      "name": "root"
    },
    "props": {
      "alignContent": "flex-start",
      "direction": "column",
      "justify": "space-evenly"
    },
    "type": "ia.container.flex"
  }
}