{
  "custom": {},
  "params": {},
  "props": {
    "defaultSize": {
      "height": 1536,
      "width": 2048
    }
  },
  "root": {
    "children": [
      {
        "meta": {
          "name": "ToggleSwitch"
        },
        "position": {
          "basis": "36px",
          "grow": 1
        },
        "propConfig": {
          "props.selected": {
            "binding": {
              "config": {
                "bidirectional": true,
                "path": "page.props.appBarVisible"
              },
              "type": "property"
            }
          }
        },
        "props": {
          "label": {
            "position": "left",
            "text": "Show App Bar"
          }
        },
        "type": "ia.input.toggle-switch"
      },
      {
        "meta": {
          "name": "Label"
        },
        "position": {
          "basis": "20px"
        },
        "props": {
          "text": "Report Time Range "
        },
        "type": "ia.display.label"
      },
      {
        "meta": {
          "name": "ReportTimeRange"
        },
        "position": {
          "basis": "40px",
          "grow": 1
        },
        "propConfig": {
          "props.value": {
            "binding": {
              "config": {
                "bidirectional": true,
                "fallbackDelay": 2.5,
                "mode": "direct",
                "tagPath": "[default]Reports/ReportTimeRange"
              },
              "type": "tag"
            }
          }
        },
        "props": {
          "index": 0,
          "radios": [
            {
              "selected": true,
              "text": "1 Hr",
              "value": 1
            },
            {
              "selected": false,
              "text": "6 Hrs",
              "value": 6
            },
            {
              "selected": false,
              "text": "12 Hrs",
              "value": 12
            },
            {
              "selected": false,
              "text": "24 Hrs",
              "value": 24
            }
          ]
        },
        "type": "ia.input.radio-group"
      }
    ],
    "meta": {
      "name": "root"
    },
    "props": {
      "alignItems": "center",
      "direction": "column",
      "justify": "space-evenly"
    },
    "type": "ia.container.flex"
  }
}