{
  "custom": {},
  "params": {},
  "props": {
    "defaultSize": {
      "height": 1536,
      "width": 2048
    }
  },
  "root": {
    "children": [
      {
        "children": [
          {
            "meta": {
              "name": "Label"
            },
            "position": {
              "basis": "30px"
            },
            "props": {
              "text": "Night Lamp"
            },
            "type": "ia.display.label"
          }
        ],
        "meta": {
          "name": "FlexContainer"
        },
        "position": {
          "basis": "50px"
        },
        "props": {
          "alignItems": "center",
          "direction": "column",
          "justify": "flex-end"
        },
        "type": "ia.container.flex"
      },
      {
        "children": [
          {
            "events": {
              "dom": {
                "onClick": {
                  "config": {
                    "script": "\turl \u003d \u0027https://io.adafruit.com/api/v2/Freeno83/feeds/onoff/data\u0027\n\taioKey \u003d \u0027aio_yUtI57j00fgjTxZxWBLx5EsnVPfe\u0027\n\t\n\tbasePath \u003d \u0027[default]HTTP/Relay/\u0027\n\tpaths \u003d []\n\tvalues \u003d []\n\t\n\tif self.props.text \u003d\u003d \u0027ON\u0027:\n\t\tvalue \u003d \u0027OFF\u0027\n\telse:\n\t\tvalue \u003d \u0027ON\u0027\n\t\t\n\tclient \u003d system.net.httpClient()\n\tr \u003d client.post(url, data \u003d {\u0027x-aio-key\u0027:aioKey, \u0027value\u0027: value})\n\tdata \u003d r.json\n\t\n\tpaths \u003d [basePath + k for k in data.keys()]\n\tvalues \u003d [v for v in data.values()]\n\t\n\tquality \u003d system.tag.writeBlocking(paths, values)"
                  },
                  "scope": "G",
                  "type": "script"
                }
              }
            },
            "meta": {
              "name": "Button"
            },
            "position": {
              "basis": "204px"
            },
            "propConfig": {
              "props.style.backgroundColor": {
                "binding": {
                  "config": {
                    "expression": "if({[default]HTTP/Relay/value} \u003d \"OFF\", \"#AAAAAA\", \"#4F9EEE\")"
                  },
                  "type": "expr"
                }
              },
              "props.text": {
                "binding": {
                  "config": {
                    "fallbackDelay": 2.5,
                    "mode": "direct",
                    "tagPath": "[default]HTTP/Relay/value"
                  },
                  "type": "tag"
                }
              }
            },
            "props": {
              "image": {
                "style": {
                  "borderStyle": "none",
                  "color": "#4F9EEE"
                }
              },
              "style": {
                "borderStyle": "hidden"
              }
            },
            "type": "ia.input.button"
          }
        ],
        "meta": {
          "name": "FlexContainer_0"
        },
        "position": {
          "basis": "100px"
        },
        "props": {
          "justify": "center"
        },
        "type": "ia.container.flex"
      },
      {
        "children": [
          {
            "meta": {
              "name": "Label"
            },
            "position": {
              "basis": "69px"
            },
            "props": {
              "text": "RGB LED"
            },
            "type": "ia.display.label"
          }
        ],
        "meta": {
          "name": "FlexContainer_1"
        },
        "position": {
          "basis": "50px"
        },
        "props": {
          "alignItems": "flex-end",
          "justify": "center"
        },
        "type": "ia.container.flex"
      },
      {
        "children": [
          {
            "meta": {
              "name": "ToggleSwitch"
            },
            "position": {
              "basis": "126px"
            },
            "propConfig": {
              "props.selected": {
                "binding": {
                  "config": {
                    "bidirectional": true,
                    "fallbackDelay": 2.5,
                    "mode": "direct",
                    "tagPath": "[default]Arduino/Red LED"
                  },
                  "type": "tag"
                }
              }
            },
            "props": {
              "color": {
                "selected": "#FF0000"
              },
              "label": {
                "position": "left",
                "text": "Red "
              }
            },
            "type": "ia.input.toggle-switch"
          },
          {
            "meta": {
              "name": "ToggleSwitch_0"
            },
            "position": {
              "basis": "142px"
            },
            "propConfig": {
              "props.selected": {
                "binding": {
                  "config": {
                    "bidirectional": true,
                    "fallbackDelay": 2.5,
                    "mode": "direct",
                    "tagPath": "[default]Arduino/Green LED"
                  },
                  "type": "tag"
                }
              }
            },
            "props": {
              "color": {
                "selected": "#47FF47"
              },
              "label": {
                "position": "left",
                "text": "Green"
              }
            },
            "type": "ia.input.toggle-switch"
          },
          {
            "meta": {
              "name": "ToggleSwitch_1"
            },
            "position": {
              "basis": "131px"
            },
            "propConfig": {
              "props.selected": {
                "binding": {
                  "config": {
                    "bidirectional": true,
                    "fallbackDelay": 2.5,
                    "mode": "direct",
                    "tagPath": "[default]Arduino/Blue LED"
                  },
                  "type": "tag"
                }
              }
            },
            "props": {
              "color": {
                "selected": "#4F9EEE"
              },
              "label": {
                "position": "left",
                "text": "Blue"
              }
            },
            "type": "ia.input.toggle-switch"
          }
        ],
        "meta": {
          "name": "FlexContainer_2"
        },
        "position": {
          "basis": "75px"
        },
        "props": {
          "justify": "center"
        },
        "type": "ia.container.flex"
      },
      {
        "children": [
          {
            "meta": {
              "name": "Label"
            },
            "position": {
              "basis": "69px"
            },
            "props": {
              "text": "Click PLC"
            },
            "type": "ia.display.label"
          }
        ],
        "meta": {
          "name": "FlexContainer_3"
        },
        "position": {
          "basis": "50px"
        },
        "props": {
          "alignItems": "center",
          "justify": "center"
        },
        "type": "ia.container.flex"
      },
      {
        "children": [
          {
            "events": {
              "dom": {
                "onClick": {
                  "config": {
                    "script": "\tif self.custom.value \u003d\u003d 0: \n\t\tself.custom.value \u003d 1\n\telse:\n\t\tself.custom.value \u003d 0"
                  },
                  "scope": "G",
                  "type": "script"
                }
              }
            },
            "meta": {
              "name": "Button"
            },
            "position": {
              "basis": "204px"
            },
            "propConfig": {
              "custom.value": {
                "binding": {
                  "config": {
                    "bidirectional": true,
                    "fallbackDelay": 2.5,
                    "mode": "direct",
                    "tagPath": "[default]Click PLC/Desk Lamp"
                  },
                  "type": "tag"
                }
              },
              "props.style.backgroundColor": {
                "binding": {
                  "config": {
                    "expression": "if({this.custom.value}, \"#4F9EEE\", \"#AAAAAA\")"
                  },
                  "type": "expr"
                }
              },
              "props.text": {
                "binding": {
                  "config": {
                    "expression": "if({this.custom.value}, \"ON\", \"OFF\")"
                  },
                  "type": "expr"
                }
              }
            },
            "props": {
              "image": {
                "style": {
                  "borderStyle": "none",
                  "color": "#4F9EEE"
                }
              },
              "style": {
                "borderStyle": "hidden"
              }
            },
            "type": "ia.input.button"
          }
        ],
        "custom": {
          "value": false
        },
        "meta": {
          "name": "FlexContainer_4"
        },
        "position": {
          "basis": "100px"
        },
        "props": {
          "justify": "center"
        },
        "type": "ia.container.flex"
      },
      {
        "children": [
          {
            "meta": {
              "name": "ToggleSwitch_0"
            },
            "position": {
              "basis": "124px"
            },
            "propConfig": {
              "props.selected": {
                "binding": {
                  "config": {
                    "bidirectional": true,
                    "fallbackDelay": 2.5,
                    "mode": "direct",
                    "tagPath": "[default]Click PLC/Green Light"
                  },
                  "type": "tag"
                }
              }
            },
            "props": {
              "color": {
                "selected": "#47FF47"
              },
              "label": {
                "position": "left",
                "text": "Green"
              }
            },
            "type": "ia.input.toggle-switch"
          },
          {
            "meta": {
              "name": "ToggleSwitch_1"
            },
            "position": {
              "basis": "129px"
            },
            "propConfig": {
              "props.selected": {
                "binding": {
                  "config": {
                    "bidirectional": true,
                    "fallbackDelay": 2.5,
                    "mode": "direct",
                    "tagPath": "[default]Click PLC/Yellow Light"
                  },
                  "type": "tag"
                }
              }
            },
            "props": {
              "color": {
                "selected": "#FF8C00"
              },
              "label": {
                "position": "left",
                "text": "Orange"
              }
            },
            "type": "ia.input.toggle-switch"
          },
          {
            "meta": {
              "name": "ToggleSwitch"
            },
            "position": {
              "basis": "126px"
            },
            "propConfig": {
              "props.selected": {
                "binding": {
                  "config": {
                    "bidirectional": true,
                    "fallbackDelay": 2.5,
                    "mode": "direct",
                    "tagPath": "[default]Click PLC/Red Light"
                  },
                  "type": "tag"
                }
              }
            },
            "props": {
              "color": {
                "selected": "#FF0000"
              },
              "label": {
                "position": "left",
                "text": "Red "
              }
            },
            "type": "ia.input.toggle-switch"
          },
          {
            "meta": {
              "name": "ToggleSwitch_2"
            },
            "position": {
              "basis": "117px"
            },
            "propConfig": {
              "props.selected": {
                "binding": {
                  "config": {
                    "bidirectional": true,
                    "fallbackDelay": 2.5,
                    "mode": "direct",
                    "tagPath": "[default]Click PLC/Blink"
                  },
                  "type": "tag"
                }
              }
            },
            "props": {
              "color": {
                "selected": "#D900D9"
              },
              "label": {
                "position": "left",
                "text": "Blink"
              }
            },
            "type": "ia.input.toggle-switch"
          }
        ],
        "meta": {
          "name": "FlexContainer_5"
        },
        "position": {
          "basis": "75px"
        },
        "props": {
          "justify": "center"
        },
        "type": "ia.container.flex"
      },
      {
        "meta": {
          "name": "FlexContainer_6"
        },
        "position": {
          "basis": 100
        },
        "type": "ia.container.flex"
      }
    ],
    "meta": {
      "name": "root"
    },
    "props": {
      "direction": "column",
      "justify": "space-evenly"
    },
    "type": "ia.container.flex"
  }
}