{
  "custom": {},
  "params": {},
  "props": {
    "defaultSize": {
      "height": 1536,
      "width": 2048
    }
  },
  "root": {
    "children": [
      {
        "meta": {
          "name": "MenuTree"
        },
        "position": {
          "height": 309,
          "width": 175,
          "y": 25
        },
        "props": {
          "items": [
            {
              "enabled": true,
              "items": [],
              "label": {
                "icon": {
                  "path": "material/list"
                },
                "text": "Monitoring"
              },
              "navIcon": {
                "color": "#6C6C6C",
                "path": "material/chevron_right"
              },
              "showHeader": true,
              "style": {
                "classes": ""
              },
              "target": "/",
              "visible": true
            },
            {
              "enabled": true,
              "items": [
                {
                  "enabled": true,
                  "items": [],
                  "label": {
                    "icon": {
                      "path": ""
                    },
                    "text": "DC Motor"
                  },
                  "navIcon": {
                    "path": ""
                  },
                  "showHeader": true,
                  "style": {
                    "classes": ""
                  },
                  "target": "/dc-motor",
                  "visible": true
                },
                {
                  "enabled": true,
                  "items": [],
                  "label": {
                    "icon": {
                      "path": ""
                    },
                    "text": "Induction Motor"
                  },
                  "navIcon": {
                    "path": ""
                  },
                  "showHeader": true,
                  "style": {
                    "classes": ""
                  },
                  "target": "/induction-motor",
                  "visible": true
                },
                {
                  "enabled": true,
                  "items": [],
                  "label": {
                    "icon": {
                      "path": ""
                    },
                    "text": "Lights"
                  },
                  "navIcon": {
                    "path": ""
                  },
                  "showHeader": true,
                  "style": {
                    "classes": ""
                  },
                  "target": "/lights",
                  "visible": true
                }
              ],
              "label": {
                "icon": {
                  "path": "material/list"
                },
                "text": "Control"
              },
              "navIcon": {
                "color": "#6C6C6C",
                "path": "material/chevron_right"
              },
              "showHeader": true,
              "style": {
                "classes": ""
              },
              "target": "",
              "visible": true
            },
            {
              "enabled": true,
              "items": [],
              "label": {
                "icon": {
                  "path": "material/list"
                },
                "text": "Inventory"
              },
              "navIcon": {
                "color": "#6C6C6C",
                "path": "material/chevron_right"
              },
              "showHeader": true,
              "style": {
                "classes": ""
              },
              "target": "/inventory",
              "visible": true
            },
            {
              "enabled": true,
              "items": [],
              "label": {
                "icon": {
                  "path": "material/list"
                },
                "text": "Tag History"
              },
              "navIcon": {
                "color": "#6C6C6C",
                "path": "material/chevron_right"
              },
              "showHeader": true,
              "style": {
                "classes": ""
              },
              "target": "/tag-history",
              "visible": true
            },
            {
              "enabled": true,
              "items": [
                {
                  "enabled": true,
                  "items": [],
                  "label": {
                    "icon": {
                      "path": ""
                    },
                    "text": "DC Motor"
                  },
                  "navIcon": {
                    "path": ""
                  },
                  "showHeader": true,
                  "style": {
                    "classes": ""
                  },
                  "target": "/dc-motor-report",
                  "visible": true
                },
                {
                  "enabled": true,
                  "items": [],
                  "label": {
                    "icon": {
                      "path": ""
                    },
                    "text": "Induction Motor"
                  },
                  "navIcon": {
                    "path": ""
                  },
                  "showHeader": true,
                  "style": {
                    "classes": ""
                  },
                  "target": "/induction-motor-report",
                  "visible": true
                },
                {
                  "enabled": true,
                  "items": [],
                  "label": {
                    "icon": {
                      "path": ""
                    },
                    "text": "Analog Channels"
                  },
                  "navIcon": {
                    "path": ""
                  },
                  "showHeader": true,
                  "style": {
                    "classes": ""
                  },
                  "target": "/analog-channels-report",
                  "visible": true
                }
              ],
              "label": {
                "icon": {
                  "path": "material/list"
                },
                "text": "Reports"
              },
              "navIcon": {
                "color": "#6C6C6C",
                "path": "material/chevron_right"
              },
              "showHeader": true,
              "style": {
                "classes": ""
              },
              "target": "",
              "visible": true
            },
            {
              "enabled": true,
              "items": [],
              "label": {
                "icon": {
                  "path": ""
                },
                "text": "Settings"
              },
              "navIcon": {
                "color": "#6C6C6C",
                "path": "material/chevron_right"
              },
              "showHeader": true,
              "style": {
                "classes": ""
              },
              "target": "/settings",
              "visible": true
            }
          ]
        },
        "type": "ia.navigation.menutree"
      }
    ],
    "meta": {
      "name": "root"
    },
    "position": {
      "x": -0.00372314453125,
      "y": -14
    },
    "type": "ia.container.coord"
  }
}