{
  "custom": {},
  "params": {},
  "props": {
    "defaultSize": {
      "height": 1536,
      "width": 2048
    }
  },
  "root": {
    "children": [
      {
        "children": [
          {
            "meta": {
              "name": "RadioGroup"
            },
            "position": {
              "basis": "338px"
            },
            "props": {
              "index": 0,
              "radios": [
                {
                  "selected": true,
                  "text": "1 Hr",
                  "value": 1
                },
                {
                  "selected": false,
                  "text": "6 Hrs",
                  "value": 6
                },
                {
                  "selected": false,
                  "text": "12 Hrs",
                  "value": 12
                },
                {
                  "selected": false,
                  "text": "24 Hrs",
                  "value": 24
                }
              ],
              "value": 1
            },
            "type": "ia.input.radio-group"
          },
          {
            "children": [
              {
                "events": {
                  "dom": {
                    "onClick": {
                      "config": {
                        "script": "\tds \u003d self.parent.parent.parent.getChild(\"FlexContainer_0\").getChild(\"Table\").props.data\n\tcsv \u003d system.dataset.toCSV(ds, True)\n\tfileName \u003d self.parent.parent.parent.meta.name + \u0027.csv\u0027\n\tsystem.perspective.download(fileName, csv, \u0027application/csv\u0027)"
                      },
                      "scope": "G",
                      "type": "script"
                    }
                  }
                },
                "meta": {
                  "name": "Button"
                },
                "position": {
                  "basis": "88px"
                },
                "props": {
                  "text": "Export"
                },
                "type": "ia.input.button"
              }
            ],
            "meta": {
              "name": "FlexContainer_1"
            },
            "position": {
              "basis": "200px"
            },
            "props": {
              "alignItems": "center",
              "justify": "center"
            },
            "type": "ia.container.flex"
          }
        ],
        "meta": {
          "name": "FlexContainer"
        },
        "position": {
          "basis": "350px"
        },
        "props": {
          "alignItems": "center",
          "justify": "space-around"
        },
        "type": "ia.container.flex"
      },
      {
        "children": [
          {
            "meta": {
              "name": "FlexContainer"
            },
            "position": {
              "basis": "25px"
            },
            "type": "ia.container.flex"
          },
          {
            "meta": {
              "name": "Table"
            },
            "position": {
              "basis": "715px",
              "grow": 1
            },
            "propConfig": {
              "props.data": {
                "binding": {
                  "config": {
                    "aggregate": "MinMax",
                    "avoidScanClassValidation": true,
                    "dateRange": {
                      "endDate": "now(0)",
                      "startDate": "dateArithmetic(now(0), -{.../FlexContainer/RadioGroup.props.value}, \u0027hour\u0027)\r \r "
                    },
                    "ignoreBadQuality": false,
                    "preventInterpolation": false,
                    "returnFormat": "Wide",
                    "returnSize": {
                      "numRows": "100",
                      "type": "FIXED"
                    },
                    "tags": [
                      {
                        "alias": "DC Motor RPM",
                        "path": "[default]Adafruit/DC Motor/Status/Current Speed"
                      },
                      {
                        "alias": "Ind. Motor RPM",
                        "path": "[default]Arduino/Motor/Status/RPM"
                      },
                      {
                        "alias": "Inside Temp",
                        "path": "[default]Arduino/Temperature/DegC"
                      },
                      {
                        "alias": "Outside Temp",
                        "path": "[default]HTTP/Outside Temp degC"
                      },
                      {
                        "alias": "Photocell",
                        "path": "[default]HTTP/Photocell"
                      },
                      {
                        "alias": "Voltage",
                        "path": "[default]Arduino/Potentiometer/Voltage"
                      }
                    ],
                    "valueFormat": "DATASET"
                  },
                  "type": "tag-history"
                }
              }
            },
            "props": {
              "cells": {
                "style": {
                  "textAlign": "center"
                }
              },
              "enableHeaderGroups": true,
              "rows": {
                "style": {
                  "textAlign": "center"
                }
              },
              "selection": {
                "data": [
                  {
                    "DC Motor RPM": 0,
                    "Ind. Motor RPM": 0,
                    "Inside Temp": 23.700690437050675,
                    "Outside Temp": 18.37778578481939,
                    "Photocell": 446,
                    "Voltage": 1.9684606414277106,
                    "t_stamp": 1589588283228
                  }
                ],
                "selectedColumn": "Inside Temp",
                "selectedRow": 4
              },
              "style": {
                "textAlign": "center",
                "whiteSpace": "pre-wrap"
              }
            },
            "type": "ia.display.table"
          },
          {
            "meta": {
              "name": "FlexContainer_0"
            },
            "position": {
              "basis": "25px"
            },
            "type": "ia.container.flex"
          }
        ],
        "meta": {
          "name": "FlexContainer_0"
        },
        "position": {
          "basis": "1650px"
        },
        "props": {
          "justify": "center"
        },
        "type": "ia.container.flex"
      }
    ],
    "meta": {
      "name": "Tag History"
    },
    "props": {
      "direction": "column"
    },
    "type": "ia.container.flex"
  }
}