{
  "custom": {},
  "params": {},
  "props": {
    "defaultSize": {
      "height": 25,
      "width": 1298
    }
  },
  "root": {
    "children": [
      {
        "meta": {
          "name": "Label"
        },
        "position": {
          "basis": "20px"
        },
        "propConfig": {
          "props.text": {
            "binding": {
              "config": {
                "path": "page.props.primaryView"
              },
              "type": "property"
            }
          }
        },
        "type": "ia.display.label"
      }
    ],
    "meta": {
      "name": "root"
    },
    "props": {
      "alignItems": "center",
      "direction": "column",
      "justify": "center"
    },
    "type": "ia.container.flex"
  }
}